carrots,
grapes,
raisins,
salt,
peanut butter,
eggs,
salmon,
chocolate,
cheese,
blueberries,
popcorn,
cashews,
macademia nuts,
almonds,
pineapple,
onions,
watermelon,
cottage cheese,
bread,
blackberries,
avocado,
corn,
tomatoes,
green peas,
oatmeal,
coffee,
tea,
apples,
garlic,
broccoli,
chicken,
sweet potatoes,
xylitol,
coconut,
alcohol,
pork,
cinnamon,
mango,
nutmeg,
honey,
milk,
turkey,
rice,
beef,
lemons,
limes,
raw yeast dough,
bananas,
strawberries,
oranges,
peanuts,
mushrooms,
potatoes,
celery,
cherries,
shrimp,
more on carrots,
more on grapes,
more on raisins,
more on salt,
more on peanut butter,
more on eggs,
more on salmon,
more on chocolate,
more on cheese,
more on blueberries,
more on popcorn,
more on cashews,
more on macademia nuts,
more on almonds,
more on pineapple,
more on onions,
more on watermelon,
more on cottage cheese,
more on bread,
more on blackberries,
more on avocado,
more on corn,
more on tomatoes,
more on green peas,
more on oatmeal,
more on coffee,
more on tea,
more on apples,
more on garlic,
more on broccoli,
more on chicken,
more on sweet potatoes,
more on xylitol,
more on coconut,
more on alcohol,
more on pork,
more on cinnamon,
more on mango,
more on nutmeg,
more on honey,
more on milk,
more on turkey,
more on rice,
more on beef,
more on lemons,
more on limes,
more on raw yeast dough,
more on bananas,
more on strawberries,
more on oranges,
more on peanuts,
more on mushrooms,
more on potatoes,
more on celery,
more on cherries,
more on shrimp,